city,name,country,tier,synthetic,population,mean_everyday,mean_emergency,gini_everyday,gini_emergency,p90_p50_ratio_emergency,spearman_rho,divergence_gap,compounding_pop_share_50,jaccard_high_50,compounding_pop_share_75,jaccard_high_75,pop_share_beyond_everyday_15,pop_share_beyond_everyday_30,pop_share_beyond_emergency_30,pop_share_beyond_emergency_45,pop_share_beyond_emergency_60
hamburg,Hamburg,DE,2,False,3162606.7627754873,0.20516143024522587,15.756928268009702,0.6017130688094973,0.6214344752476996,6.581624031190032,0.3832512303020104,0.019721406438202305,0.30775972621214764,0.44440615146895346,0.1151050334842341,0.2988667570991559,0.19642790440222466,0.13681188873278843,5.0702903222532e-05,4.973538264830113e-05,4.973538264830113e-05
