regime,weighted_mean,gini
everyday,0.20516143024522587,0.6017130688094973
emergency,15.756928268009702,0.6214344752476996
